Nivel (pulgadas fraccionarias);Volumen lleno (galones estadounidenses)
0;0
 1/8;0.85
 1/4;2.39
 3/8;4.39
 1/2;6.76
 5/8;9.45
 3/4;12.41
 7/8;15.64
1    ;19.1
1 1/8;22.78
1 1/4;26.67
1 3/8;30.76
1 1/2;35.03
1 5/8;39.48
1 3/4;44.11
1 7/8;48.9
2    ;53.85
2 1/8;58.95
2 1/4;64.21
2 3/8;69.6
2 1/2;75.14
2 5/8;80.81
2 3/4;86.62
2 7/8;92.55
3    ;98.62
3 1/8;104.8
3 1/4;111.11
3 3/8;117.54
3 1/2;124.08
3 5/8;130.73
3 3/4;137.5
3 7/8;144.37
4    ;151.35
4 1/8;158.44
4 1/4;165.63
4 3/8;172.92
4 1/2;180.31
4 5/8;187.8
4 3/4;195.39
4 7/8;203.07
5    ;210.85
5 1/8;218.71
5 1/4;226.67
5 3/8;234.72
5 1/2;242.86
5 5/8;251.09
5 3/4;259.4
5 7/8;267.79
6    ;276.28
6 1/8;284.84
6 1/4;293.48
6 3/8;302.21
6 1/2;311.02
6 5/8;319.9
6 3/4;328.86
6 7/8;337.91
7    ;347.02
7 1/8;356.21
7 1/4;365.48
7 3/8;374.82
7 1/2;384.23
7 5/8;393.72
7 3/4;403.28
7 7/8;412.9
8    ;422.6
8 1/8;432.37
8 1/4;442.2
8 3/8;452.1
8 1/2;462.07
8 5/8;472.11
8 3/4;482.21
8 7/8;492.38
9    ;502.61
9 1/8;512.91
9 1/4;523.27
9 3/8;533.69
9 1/2;544.17
9 5/8;554.72
9 3/4;565.33
9 7/8;575.99
10    ;586.72
10 1/8;597.51
10 1/4;608.36
10 3/8;619.26
10 1/2;630.22
10 5/8;641.24
10 3/4;652.32
10 7/8;663.45
11    ;674.64
11 1/8;685.89
11 1/4;697.19
11 3/8;708.55
11 1/2;719.96
11 5/8;731.42
11 3/4;742.94
11 7/8;754.5
12    ;766.13
12 1/8;777.8
12 1/4;789.53
12 3/8;801.3
12 1/2;813.13
12 5/8;825.01
12 3/4;836.94
12 7/8;848.92
13    ;860.95
13 1/8;873.02
13 1/4;885.15
13 3/8;897.32
13 1/2;909.54
13 5/8;921.81
13 3/4;934.13
13 7/8;946.49
14    ;958.9
14 1/8;971.36
14 1/4;983.86
14 3/8;996.4
14 1/2;1009
14 5/8;1021.63
14 3/4;1034.31
14 7/8;1047.04
15    ;1059.81
15 1/8;1072.62
15 1/4;1085.48
15 3/8;1098.38
15 1/2;1111.32
15 5/8;1124.3
15 3/4;1137.33
15 7/8;1150.4
16    ;1163.51
16 1/8;1176.66
16 1/4;1189.85
16 3/8;1203.08
16 1/2;1216.35
16 5/8;1229.66
16 3/4;1243.02
16 7/8;1256.41
17    ;1269.84
17 1/8;1283.31
17 1/4;1296.82
17 3/8;1310.36
17 1/2;1323.95
17 5/8;1337.57
17 3/4;1351.23
17 7/8;1364.93
18    ;1378.66
18 1/8;1392.43
18 1/4;1406.24
18 3/8;1420.09
18 1/2;1433.97
18 5/8;1447.88
18 3/4;1461.84
18 7/8;1475.82
19    ;1489.85
19 1/8;1503.91
19 1/4;1518
19 3/8;1532.13
19 1/2;1546.29
19 5/8;1560.48
19 3/4;1574.71
19 7/8;1588.97
20    ;1603.27
20 1/8;1617.6
20 1/4;1631.96
20 3/8;1646.36
20 1/2;1660.78
20 5/8;1675.24
20 3/4;1689.73
20 7/8;1704.26
21    ;1718.81
21 1/8;1733.4
21 1/4;1748.01
21 3/8;1762.66
21 1/2;1777.34
21 5/8;1792.05
21 3/4;1806.79
21 7/8;1821.56
22    ;1836.36
22 1/8;1851.19
22 1/4;1866.05
22 3/8;1880.94
22 1/2;1895.86
22 5/8;1910.8
22 3/4;1925.78
22 7/8;1940.78
23    ;1955.82
23 1/8;1970.88
23 1/4;1985.97
23 3/8;2001.08
23 1/2;2016.23
23 5/8;2031.4
23 3/4;2046.6
23 7/8;2061.82
24    ;2077.07
24 1/8;2092.35
24 1/4;2107.66
24 3/8;2122.99
24 1/2;2138.35
24 5/8;2153.73
24 3/4;2169.14
24 7/8;2184.58
25    ;2200.04
25 1/8;2215.53
25 1/4;2231.04
25 3/8;2246.57
25 1/2;2262.14
25 5/8;2277.72
25 3/4;2293.33
25 7/8;2308.97
26    ;2324.62
26 1/8;2340.31
26 1/4;2356.01
26 3/8;2371.74
26 1/2;2387.49
26 5/8;2403.27
26 3/4;2419.07
26 7/8;2434.89
27    ;2450.73
27 1/8;2466.6
27 1/4;2482.49
27 3/8;2498.4
27 1/2;2514.34
27 5/8;2530.29
27 3/4;2546.27
27 7/8;2562.27
28    ;2578.29
28 1/8;2594.33
28 1/4;2610.39
28 3/8;2626.48
28 1/2;2642.58
28 5/8;2658.71
28 3/4;2674.85
28 7/8;2691.02
29    ;2707.2
29 1/8;2723.41
29 1/4;2739.64
29 3/8;2755.88
29 1/2;2772.15
29 5/8;2788.43
29 3/4;2804.74
29 7/8;2821.06
30    ;2837.4
30 1/8;2853.76
30 1/4;2870.14
30 3/8;2886.54
30 1/2;2902.96
30 5/8;2919.39
30 3/4;2935.84
30 7/8;2952.31
31    ;2968.8
31 1/8;2985.31
31 1/4;3001.83
31 3/8;3018.37
31 1/2;3034.93
31 5/8;3051.51
31 3/4;3068.1
31 7/8;3084.71
32    ;3101.33
32 1/8;3117.97
32 1/4;3134.63
32 3/8;3151.31
32 1/2;3168
32 5/8;3184.7
32 3/4;3201.43
32 7/8;3218.16
33    ;3234.92
33 1/8;3251.69
33 1/4;3268.47
33 3/8;3285.27
33 1/2;3302.08
33 5/8;3318.91
33 3/4;3335.76
33 7/8;3352.61
34    ;3369.49
34 1/8;3386.37
34 1/4;3403.28
34 3/8;3420.19
34 1/2;3437.12
34 5/8;3454.06
34 3/4;3471.02
34 7/8;3487.99
35    ;3504.97
35 1/8;3521.97
35 1/4;3538.98
35 3/8;3556
35 1/2;3573.04
35 5/8;3590.08
35 3/4;3607.14
35 7/8;3624.22
36    ;3641.3
36 1/8;3658.4
36 1/4;3675.51
36 3/8;3692.63
36 1/2;3709.76
36 5/8;3726.91
36 3/4;3744.06
36 7/8;3761.23
37    ;3778.41
37 1/8;3795.6
37 1/4;3812.8
37 3/8;3830.01
37 1/2;3847.23
37 5/8;3864.47
37 3/4;3881.71
37 7/8;3898.97
38    ;3916.23
38 1/8;3933.5
38 1/4;3950.79
38 3/8;3968.08
38 1/2;3985.39
38 5/8;4002.7
38 3/4;4020.02
38 7/8;4037.36
39    ;4054.7
39 1/8;4072.05
39 1/4;4089.41
39 3/8;4106.78
39 1/2;4124.15
39 5/8;4141.54
39 3/4;4158.93
39 7/8;4176.34
40    ;4193.75
40 1/8;4211.17
40 1/4;4228.59
40 3/8;4246.03
40 1/2;4263.47
40 5/8;4280.92
40 3/4;4298.38
40 7/8;4315.85
41    ;4333.32
41 1/8;4350.8
41 1/4;4368.28
41 3/8;4385.78
41 1/2;4403.28
41 5/8;4420.78
41 3/4;4438.3
41 7/8;4455.82
42    ;4473.34
42 1/8;4490.88
42 1/4;4508.41
42 3/8;4525.96
42 1/2;4543.51
42 5/8;4561.07
42 3/4;4578.63
42 7/8;4596.19
43    ;4613.77
43 1/8;4631.34
43 1/4;4648.93
43 3/8;4666.51
43 1/2;4684.1
43 5/8;4701.7
43 3/4;4719.3
43 7/8;4736.91
44    ;4754.52
44 1/8;4772.13
44 1/4;4789.75
44 3/8;4807.38
44 1/2;4825
44 5/8;4842.63
44 3/4;4860.27
44 7/8;4877.9
45    ;4895.55
45 1/8;4913.19
45 1/4;4930.84
45 3/8;4948.49
45 1/2;4966.14
45 5/8;4983.8
45 3/4;5001.46
45 7/8;5019.12
46    ;5036.78
46 1/8;5054.45
46 1/4;5072.12
46 3/8;5089.79
46 1/2;5107.46
46 5/8;5125.14
46 3/4;5142.81
46 7/8;5160.49
47    ;5178.17
47 1/8;5195.85
47 1/4;5213.53
47 3/8;5231.22
47 1/2;5248.9
47 5/8;5266.59
47 3/4;5284.27
47 7/8;5301.96
48    ;5319.65
48 1/8;5337.34
48 1/4;5355.03
48 3/8;5372.71
48 1/2;5390.4
48 5/8;5408.09
48 3/4;5425.78
48 7/8;5443.47
49    ;5461.16
49 1/8;5478.85
49 1/4;5496.53
49 3/8;5514.22
49 1/2;5531.9
49 5/8;5549.59
49 3/4;5567.27
49 7/8;5584.95
50    ;5602.64
50 1/8;5620.32
50 1/4;5637.99
50 3/8;5655.67
50 1/2;5673.34
50 5/8;5691.02
50 3/4;5708.69
50 7/8;5726.36
51    ;5744.02
51 1/8;5761.69
51 1/4;5779.35
51 3/8;5797.01
51 1/2;5814.67
51 5/8;5832.32
51 3/4;5849.97
51 7/8;5867.62
52    ;5885.26
52 1/8;5902.9
52 1/4;5920.54
52 3/8;5938.17
52 1/2;5955.8
52 5/8;5973.43
52 3/4;5991.05
52 7/8;6008.67
53    ;6026.29
53 1/8;6043.9
53 1/4;6061.5
53 3/8;6079.11
53 1/2;6096.7
53 5/8;6114.29
53 3/4;6131.88
53 7/8;6149.46
54    ;6167.04
54 1/8;6184.61
54 1/4;6202.18
54 3/8;6219.74
54 1/2;6237.3
54 5/8;6254.85
54 3/4;6272.39
54 7/8;6289.93
55    ;6307.46
55 1/8;6324.99
55 1/4;6342.51
55 3/8;6360.02
55 1/2;6377.53
55 5/8;6395.03
55 3/4;6412.52
55 7/8;6430.01
56    ;6447.49
56 1/8;6464.96
56 1/4;6482.43
56 3/8;6499.88
56 1/2;6517.34
56 5/8;6534.78
56 3/4;6552.21
56 7/8;6569.64
57    ;6587.06
57 1/8;6604.47
57 1/4;6621.87
57 3/8;6639.27
57 1/2;6656.65
57 5/8;6674.03
57 3/4;6691.4
57 7/8;6708.76
58    ;6726.11
58 1/8;6743.45
58 1/4;6760.78
58 3/8;6778.11
58 1/2;6795.42
58 5/8;6812.72
58 3/4;6830.02
58 7/8;6847.3
59    ;6864.58
59 1/8;6881.84
59 1/4;6899.1
59 3/8;6916.34
59 1/2;6933.57
59 5/8;6950.79
59 3/4;6968.01
59 7/8;6985.21
60    ;7002.4
60 1/8;7019.58
60 1/4;7036.74
60 3/8;7053.9
60 1/2;7071.04
60 5/8;7088.18
60 3/4;7105.3
60 7/8;7122.41
61    ;7139.51
61 1/8;7156.59
61 1/4;7173.66
61 3/8;7190.72
61 1/2;7207.77
61 5/8;7224.81
61 3/4;7241.83
61 7/8;7258.84
62    ;7275.84
62 1/8;7292.82
62 1/4;7309.79
62 3/8;7326.74
62 1/2;7343.69
62 5/8;7360.62
62 3/4;7377.53
62 7/8;7394.43
63    ;7411.32
63 1/8;7428.19
63 1/4;7445.05
63 3/8;7461.89
63 1/2;7478.72
63 5/8;7495.54
63 3/4;7512.34
63 7/8;7529.12
64    ;7545.89
64 1/8;7562.64
64 1/4;7579.38
64 3/8;7596.1
64 1/2;7612.81
64 5/8;7629.5
64 3/4;7646.17
64 7/8;7662.83
65    ;7679.47
65 1/8;7696.1
65 1/4;7712.71
65 3/8;7729.3
65 1/2;7745.88
65 5/8;7762.43
65 3/4;7778.98
65 7/8;7795.5
66    ;7812
66 1/8;7828.49
66 1/4;7844.96
66 3/8;7861.42
66 1/2;7877.85
66 5/8;7894.27
66 3/4;7910.67
66 7/8;7927.04
67    ;7943.41
67 1/8;7959.75
67 1/4;7976.07
67 3/8;7992.37
67 1/2;8008.66
67 5/8;8024.92
67 3/4;8041.17
67 7/8;8057.4
68    ;8073.6
68 1/8;8089.79
68 1/4;8105.95
68 3/8;8122.1
68 1/2;8138.23
68 5/8;8154.33
68 3/4;8170.41
68 7/8;8186.48
69    ;8202.52
69 1/8;8218.54
69 1/4;8234.54
69 3/8;8250.51
69 1/2;8266.47
69 5/8;8282.4
69 3/4;8298.32
69 7/8;8314.2
70    ;8330.07
70 1/8;8345.92
70 1/4;8361.74
70 3/8;8377.54
70 1/2;8393.31
70 5/8;8409.07
70 3/4;8424.8
70 7/8;8440.5
71    ;8456.18
71 1/8;8471.84
71 1/4;8487.48
71 3/8;8503.09
71 1/2;8518.67
71 5/8;8534.23
71 3/4;8549.77
71 7/8;8565.28
72    ;8580.77
72 1/8;8596.23
72 1/4;8611.66
72 3/8;8627.07
72 1/2;8642.46
72 5/8;8657.82
72 3/4;8673.15
72 7/8;8688.45
73    ;8703.73
73 1/8;8718.98
73 1/4;8734.21
73 3/8;8749.41
73 1/2;8764.58
73 5/8;8779.72
73 3/4;8794.84
73 7/8;8809.93
74    ;8824.99
74 1/8;8840.02
74 1/4;8855.03
74 3/8;8870
74 1/2;8884.95
74 5/8;8899.87
74 3/4;8914.76
74 7/8;8929.62
75    ;8944.45
75 1/8;8959.25
75 1/4;8974.02
75 3/8;8988.76
75 1/2;9003.46
75 5/8;9018.14
75 3/4;9032.79
75 7/8;9047.41
76    ;9062
76 1/8;9076.55
76 1/4;9091.07
76 3/8;9105.56
76 1/2;9120.02
76 5/8;9134.45
76 3/4;9148.85
76 7/8;9163.21
77    ;9177.54
77 1/8;9191.83
77 1/4;9206.1
77 3/8;9220.32
77 1/2;9234.52
77 5/8;9248.68
77 3/4;9262.81
77 7/8;9276.9
78    ;9290.96
78 1/8;9304.98
78 1/4;9318.97
78 3/8;9332.92
78 1/2;9346.84
78 5/8;9360.72
78 3/4;9374.56
78 7/8;9388.37
79    ;9402.14
79 1/8;9415.88
79 1/4;9429.58
79 3/8;9443.24
79 1/2;9456.86
79 5/8;9470.45
79 3/4;9483.99
79 7/8;9497.5
80    ;9510.97
80 1/8;9524.4
80 1/4;9537.79
80 3/8;9551.14
80 1/2;9564.46
80 5/8;9577.73
80 3/4;9590.96
80 7/8;9604.15
81    ;9617.3
81 1/8;9630.41
81 1/4;9643.48
81 3/8;9656.5
81 1/2;9669.49
81 5/8;9682.43
81 3/4;9695.33
81 7/8;9708.19
82    ;9721
82 1/8;9733.77
82 1/4;9746.49
82 3/8;9759.17
82 1/2;9771.81
82 5/8;9784.4
82 3/4;9796.95
82 7/8;9809.45
83    ;9821.91
83 1/8;9834.32
83 1/4;9846.68
83 3/8;9859
83 1/2;9871.26
83 5/8;9883.49
83 3/4;9895.66
83 7/8;9907.79
84    ;9919.86
84 1/8;9931.89
84 1/4;9943.87
84 3/8;9955.8
84 1/2;9967.68
84 5/8;9979.5
84 3/4;9991.28
84 7/8;10003.01
85    ;10014.68
85 1/8;10026.3
85 1/4;10037.87
85 3/8;10049.39
85 1/2;10060.85
85 5/8;10072.26
85 3/4;10083.62
85 7/8;10094.92
86    ;10106.16
86 1/8;10117.35
86 1/4;10128.49
86 3/8;10139.56
86 1/2;10150.58
86 5/8;10161.55
86 3/4;10172.45
86 7/8;10183.3
87    ;10194.08
87 1/8;10204.81
87 1/4;10215.48
87 3/8;10226.09
87 1/2;10236.63
87 5/8;10247.12
87 3/4;10257.54
87 7/8;10267.9
88    ;10278.2
88 1/8;10288.43
88 1/4;10298.59
88 3/8;10308.7
88 1/2;10318.73
88 5/8;10328.7
88 3/4;10338.61
88 7/8;10348.44
89    ;10358.21
89 1/8;10367.9
89 1/4;10377.53
89 3/8;10387.09
89 1/2;10396.57
89 5/8;10405.99
89 3/4;10415.33
89 7/8;10424.59
90    ;10433.79
90 1/8;10442.9
90 1/4;10451.94
90 3/8;10460.91
90 1/2;10469.79
90 5/8;10478.6
90 3/4;10487.32
90 7/8;10495.97
91    ;10504.53
91 1/8;10513.01
91 1/4;10521.41
91 3/8;10529.72
91 1/2;10537.95
91 5/8;10546.08
91 3/4;10554.13
91 7/8;10562.09
92    ;10569.96
92 1/8;10577.74
92 1/4;10585.42
92 3/8;10593.01
92 1/2;10600.5
92 5/8;10607.89
92 3/4;10615.18
92 7/8;10622.37
93    ;10629.46
93 1/8;10636.44
93 1/4;10643.31
93 3/8;10650.08
93 1/2;10656.73
93 5/8;10663.27
93 3/4;10669.7
93 7/8;10676
94    ;10682.19
94 1/8;10688.25
94 1/4;10694.19
94 3/8;10699.99
94 1/2;10705.67
94 5/8;10711.2
94 3/4;10716.6
94 7/8;10721.85
95    ;10726.96
95 1/8;10731.91
95 1/4;10736.7
95 3/8;10741.32
95 1/2;10745.78
95 5/8;10750.05
95 3/4;10754.14
95 7/8;10758.03
96    ;10761.71
96 1/8;10765.17
96 1/4;10768.39
96 3/8;10771.36
96 1/2;10774.04
96 5/8;10776.41
96 3/4;10778.41
96 7/8;10779.96
97    ;10780.81
97 1/4;10991.76
97 3/8;10994.74
97 1/2;10997.44
97 5/8;10999.82
97 3/4;11001.83
97 7/8;11003.39
98    ;11004.24
